{
	"Inventary": [],
	"Position": [
		{
			"name": "pueblo",
			"x": 24.4136257171631,
			"y": 528.933532714844
		},
		{
			"name": "map_test",
			"x": 4370.88232421875,
			"y": 704.996643066406
		},
		{
			"name": "forest",
			"x": 2472.81127929688,
			"y": 560.933715820313
		}
	],
	"Saldo": 2000.0,
	"Vida": 5.0
}
