{"Inventary":[],"Position":[{"name":"pueblo","x":24.1461982727051,"y":528.97216796875},{"name":"map_test","x":4371.41259765625,"y":704.933471679688},{"name":"forest","x":2472.96069335938,"y":560.933715820313}]}
